{"Res1": {"Pc": 18095.5066114656, "nc": 2509.366342534712, "njam": 5123.940354492032, "l": 1763.08}, "Res2": {"Pc": 8264.326697110082, "nc": 1780.453628254756, "njam": 4786.564051347907, "l": 1453.95}, "Res3": {"Pc": 14344.348691530595, "nc": 2255.4171423703624, "njam": 6728.728272654294, "l": 1259.72}, "Res4": {"Pc": 24687.6346124118, "nc": 4021.55201148165, "njam": 11251.6924857665, "l": 2245.94}, "Res5": {"Pc": 23432.776184142338, "nc": 3276.8261292882516, "njam": 9830.375007177368, "l": 2061.77}, "Res6": {"Pc": 10527.469552069108, "nc": 1912.0137274195981, "njam": 5073.7580223648565, "l": 1038.42}, "Res7": {"Pc": 13625.65133864838, "nc": 2610.827226044316, "njam": 6469.960795707168, "l": 1906.02}, "Res8": {"Pc": 19553.10867542743, "nc": 4542.203998596361, "njam": 9754.498657613563, "l": 1485.74}, "Res9": {"Pc": 13834.702500798161, "nc": 3441.545965195808, "njam": 7183.638789213305, "l": 945.19}, "Res10": {"Pc": 9653.13523167203, "nc": 1965.0869453801108, "njam": 5833.591678148234, "l": 1080.8}}
